timestamp,temperature,humidity,pressure,wind_speed,rain
2026-08-29T00:00,24.4,78,1013.6,10.4,0.0
2026-08-29T01:00,23.9,76,1013.2,11.4,0.0
2026-08-29T02:00,23.6,77,1012.6,12.6,0.0
2026-08-29T03:00,23.3,78,1012.4,14.8,0.0
2026-08-29T04:00,23.0,78,1012.1,16.3,0.0
2026-08-29T05:00,22.7,78,1012.6,14.9,0.0
2026-08-29T06:00,22.6,79,1013.3,13.6,0.0
2026-08-29T07:00,24.7,72,1014.2,8.8,0.0
2026-08-29T08:00,26.5,66,1014.4,8.5,0.0
2026-08-29T09:00,28.4,59,1014.5,6.9,0.0
2026-08-29T10:00,29.8,53,1013.9,3.7,0.0
2026-08-29T11:00,30.8,49,1012.9,4.7,0.0
2026-08-29T12:00,30.3,55,1011.9,14.1,0.0
2026-08-29T13:00,29.9,60,1010.9,18.2,0.0
2026-08-29T14:00,30.2,55,1009.9,14.5,0.0
2026-08-29T15:00,30.5,54,1009.2,11.4,0.0
2026-08-29T16:00,29.9,56,1008.9,11.1,0.0
2026-08-29T17:00,28.6,62,1009.0,11.2,0.0
2026-08-29T18:00,27.1,67,1009.6,12.4,0.0
2026-08-29T19:00,26.5,74,1010.8,13.7,0.0
2026-08-29T20:00,26.2,76,1011.5,11.7,0.0
2026-08-29T21:00,25.7,79,1012.1,4.0,0.0
2026-08-29T22:00,25.5,80,1012.6,3.3,0.0
2026-08-29T23:00,25.2,82,1012.9,3.5,0.0
2026-08-30T00:00,25.0,84,1012.8,5.9,0.0
2026-08-30T01:00,24.8,85,1012.4,6.8,0.0
2026-08-30T02:00,24.4,86,1012.0,6.7,0.0
2026-08-30T03:00,24.2,86,1011.5,5.8,0.0
2026-08-30T04:00,23.9,84,1011.6,5.2,0.0
2026-08-30T05:00,23.5,84,1011.8,5.9,0.0
2026-08-30T06:00,23.4,84,1012.5,6.1,0.0
2026-08-30T07:00,25.5,77,1013.7,5.2,0.0
2026-08-30T08:00,27.1,70,1014.2,3.4,0.0
2026-08-30T09:00,29.0,60,1014.3,1.5,0.0
2026-08-30T10:00,30.4,53,1013.9,4.9,0.0
2026-08-30T11:00,30.9,56,1012.8,9.2,0.0
2026-08-30T12:00,31.3,55,1011.8,8.2,0.0
2026-08-30T13:00,32.4,45,1010.9,4.4,0.0
2026-08-30T14:00,32.3,46,1010.0,8.1,0.0
2026-08-30T15:00,31.7,47,1009.4,12.3,0.0
2026-08-30T16:00,30.6,53,1009.6,13.6,0.0
2026-08-30T17:00,29.0,63,1009.7,14.7,0.0
2026-08-30T18:00,27.5,71,1010.1,14.2,0.0
2026-08-30T19:00,27.1,76,1011.2,17.8,0.0
2026-08-30T20:00,26.7,77,1012.1,18.0,0.0
2026-08-30T21:00,26.5,78,1012.4,15.5,0.0
2026-08-30T22:00,26.3,79,1012.9,7.6,0.0
2026-08-30T23:00,25.7,83,1013.2,3.2,0.0
2026-08-31T00:00,25.5,86,1012.8,5.5,0.0
2026-08-31T01:00,25.0,89,1012.7,3.2,0.0
2026-08-31T02:00,24.6,90,1012.4,5.3,0.0
2026-08-31T03:00,24.2,89,1012.2,4.3,0.0
2026-08-31T04:00,23.6,88,1012.7,3.6,0.0
2026-08-31T05:00,23.3,87,1013.0,5.6,0.0
2026-08-31T06:00,23.2,86,1013.6,6.0,0.0
2026-08-31T07:00,26.0,73,1014.3,5.2,0.0
2026-08-31T08:00,27.8,67,1014.6,4.3,0.0
2026-08-31T09:00,29.5,60,1014.7,1.3,0.0
2026-08-31T10:00,30.6,57,1014.4,2.8,0.0
2026-08-31T11:00,31.1,58,1013.5,7.4,0.0
2026-08-31T12:00,30.4,66,1012.5,13.3,0.0
2026-08-31T13:00,31.7,61,1011.7,11.8,0.0
2026-08-31T14:00,32.1,58,1010.8,6.8,0.0
2026-08-31T15:00,32.4,53,1010.3,6.1,0.0
2026-08-31T16:00,32.0,51,1010.1,9.4,0.0
2026-08-31T17:00,30.2,60,1010.3,12.8,0.0
2026-08-31T18:00,27.9,69,1010.8,15.8,0.0
2026-08-31T19:00,27.3,73,1011.8,17.8,0.0
2026-08-31T20:00,27.2,73,1012.6,14.2,0.0
2026-08-31T21:00,26.9,75,1013.3,7.8,0.0
2026-08-31T22:00,26.3,78,1013.6,5.2,0.0
2026-08-31T23:00,25.8,80,1013.6,4.6,0.0
2026-09-01T00:00,25.4,80,1013.2,4.8,0.0
2026-09-01T01:00,25.4,74,1013.0,5.6,0.0
2026-09-01T02:00,24.7,74,1012.5,5.6,0.0
2026-09-01T03:00,24.5,74,1012.2,5.5,0.0
2026-09-01T04:00,24.5,74,1012.4,7.6,0.0
2026-09-01T05:00,24.3,76,1012.8,5.8,0.0
2026-09-01T06:00,24.0,80,1013.5,3.6,0.0
2026-09-01T07:00,26.4,71,1014.0,5.1,0.0
2026-09-01T08:00,28.2,64,1014.2,3.1,0.0
2026-09-01T09:00,29.7,60,1014.4,2.7,0.0
2026-09-01T10:00,30.9,54,1014.0,4.4,0.0
2026-09-01T11:00,31.4,57,1013.1,8.8,0.0
2026-09-01T12:00,31.9,57,1012.0,6.4,0.0
2026-09-01T13:00,32.8,54,1011.2,4.1,0.0
2026-09-01T14:00,32.9,51,1010.3,4.8,0.0
2026-09-01T15:00,32.7,48,1009.6,9.6,0.0
2026-09-01T16:00,31.1,55,1009.8,15.6,0.0
2026-09-01T17:00,29.0,62,1010.3,17.1,0.0
2026-09-01T18:00,27.5,66,1010.7,16.3,0.0
2026-09-01T19:00,27.2,71,1012.0,19.1,0.0
2026-09-01T20:00,26.7,77,1012.3,19.2,0.0
2026-09-01T21:00,26.4,76,1012.6,15.0,0.0
2026-09-01T22:00,25.6,80,1013.1,1.8,0.0
2026-09-01T23:00,25.2,83,1013.6,6.3,0.0
2026-09-02T00:00,24.5,88,1013.3,2.8,0.0
2026-09-02T01:00,24.0,89,1012.9,1.9,0.0
2026-09-02T02:00,23.3,90,1012.7,2.7,0.0
2026-09-02T03:00,23.0,91,1012.6,5.2,0.0
2026-09-02T04:00,22.8,89,1012.6,6.4,0.0
2026-09-02T05:00,22.7,84,1012.9,7.0,0.0
2026-09-02T06:00,22.9,82,1013.5,6.5,0.0
2026-09-02T07:00,25.6,71,1014.4,5.4,0.0
2026-09-02T08:00,27.5,64,1014.9,6.7,0.0
2026-09-02T09:00,29.3,56,1014.9,6.5,0.0
2026-09-02T10:00,30.6,52,1014.5,3.5,0.0
2026-09-02T11:00,31.7,46,1013.2,2.3,0.0
2026-09-02T12:00,30.7,60,1012.2,13.4,0.0
2026-09-02T13:00,30.7,61,1011.0,15.8,0.0
2026-09-02T14:00,31.2,60,1010.3,11.7,0.0
2026-09-02T15:00,31.3,57,1009.6,8.7,0.0
2026-09-02T16:00,30.8,54,1009.6,9.2,0.0
2026-09-02T17:00,29.5,60,1009.8,8.3,0.0
2026-09-02T18:00,27.9,64,1010.2,8.6,0.0
2026-09-02T19:00,27.5,69,1011.4,13.5,0.0
2026-09-02T20:00,26.9,72,1011.8,13.8,0.0
2026-09-02T21:00,26.4,71,1012.3,7.6,0.0
2026-09-02T22:00,25.6,75,1012.6,3.7,0.0
2026-09-02T23:00,25.2,76,1012.6,2.3,0.0
2026-09-03T00:00,24.6,79,1012.1,4.0,0.0
2026-09-03T01:00,23.9,82,1011.9,4.2,0.0
2026-09-03T02:00,23.4,82,1011.5,5.1,0.0
2026-09-03T03:00,23.4,80,1011.4,7.3,0.0
2026-09-03T04:00,23.1,81,1011.6,6.7,0.0
2026-09-03T05:00,22.9,82,1011.7,6.8,0.0
2026-09-03T06:00,23.0,83,1012.6,4.0,0.0
2026-09-03T07:00,25.4,72,1013.7,2.7,0.0
2026-09-03T08:00,27.1,66,1014.2,0.2,0.0
2026-09-03T09:00,28.8,59,1014.3,1.3,0.0
2026-09-03T10:00,29.9,55,1013.8,5.2,0.0
2026-09-03T11:00,29.9,63,1012.8,12.4,0.0
2026-09-03T12:00,30.0,61,1011.8,16.4,0.0
2026-09-03T13:00,31.6,53,1010.7,11.7,0.0
2026-09-03T14:00,31.9,48,1009.5,10.3,0.0
2026-09-03T15:00,32.0,45,1009.0,7.4,0.0
2026-09-03T16:00,30.9,49,1009.3,11.8,0.0
2026-09-03T17:00,29.1,57,1009.6,12.2,0.0
2026-09-03T18:00,27.3,65,1010.1,11.6,0.0
2026-09-03T19:00,26.5,72,1011.0,14.0,0.0
2026-09-03T20:00,26.2,72,1011.7,11.4,0.0
2026-09-03T21:00,25.7,74,1012.2,8.0,0.0
2026-09-03T22:00,25.0,79,1012.6,2.7,0.0
2026-09-03T23:00,24.9,80,1012.5,0.6,0.0
2026-09-04T00:00,24.6,81,1012.1,2.7,0.0
2026-09-04T01:00,24.2,83,1011.8,3.8,0.0
2026-09-04T02:00,23.9,85,1011.6,5.7,0.0
2026-09-04T03:00,23.6,84,1011.7,7.7,0.0
2026-09-04T04:00,23.2,84,1012.0,7.5,0.0
2026-09-04T05:00,22.7,84,1012.5,6.7,0.0
2026-09-04T06:00,22.9,82,1013.6,7.2,0.0
2026-09-04T07:00,25.5,72,1014.4,6.3,0.0
2026-09-04T08:00,27.3,64,1014.8,5.9,0.0
2026-09-04T09:00,29.1,57,1014.9,5.4,0.0
2026-09-04T10:00,30.5,53,1014.5,4.7,0.0
2026-09-04T11:00,31.2,50,1013.6,3.5,0.0
2026-09-04T12:00,30.4,59,1012.5,8.2,0.0
2026-09-04T13:00,30.1,65,1011.8,14.8,0.2
2026-09-04T14:00,29.0,67,1011.3,16.4,0.2
2026-09-04T15:00,29.6,61,1010.7,11.9,0.1
2026-09-04T16:00,29.6,65,1010.7,11.3,0.0
2026-09-04T17:00,28.6,70,1011.1,9.6,0.0
2026-09-04T18:00,27.3,75,1011.9,7.2,0.0
2026-09-04T19:00,27.2,75,1012.6,10.1,0.0
2026-09-04T20:00,26.8,74,1013.3,12.0,0.0
2026-09-04T21:00,27.0,72,1013.7,14.5,0.0
2026-09-04T22:00,26.4,74,1013.9,14.3,0.0
2026-09-04T23:00,25.9,67,1013.9,18.9,0.0
2026-09-05T00:00,25.2,67,1013.6,20.0,0.0
2026-09-05T01:00,24.3,71,1013.0,17.7,0.0
2026-09-05T02:00,24.0,72,1012.8,19.4,0.0
2026-09-05T03:00,23.9,72,1012.7,21.1,0.0
2026-09-05T04:00,23.6,72,1013.2,23.5,0.0
2026-09-05T05:00,23.2,73,1013.5,24.1,0.0
2026-09-05T06:00,23.1,74,1014.2,24.4,0.0
2026-09-05T07:00,24.6,70,1014.9,21.6,0.0
2026-09-05T08:00,26.7,61,1015.4,19.9,0.0
2026-09-05T09:00,29.0,49,1015.7,16.7,0.0
2026-09-05T10:00,30.9,41,1015.2,14.5,0.0
2026-09-05T11:00,32.1,38,1014.2,11.3,0.0
2026-09-05T12:00,32.4,36,1013.0,6.0,0.0
2026-09-05T13:00,31.8,46,1012.0,7.7,0.0
2026-09-05T14:00,30.7,59,1011.1,11.4,0.0
2026-09-05T15:00,30.9,60,1010.3,9.0,0.0
2026-09-05T16:00,30.5,61,1010.4,7.9,0.0
2026-09-05T17:00,29.4,59,1010.7,10.2,0.0
2026-09-05T18:00,27.9,60,1011.8,6.9,0.0
2026-09-05T19:00,27.0,66,1013.1,8.2,0.0
2026-09-05T20:00,26.5,64,1014.0,10.4,0.0
2026-09-05T21:00,26.3,62,1014.5,15.4,0.0
2026-09-05T22:00,25.6,65,1014.5,15.2,0.0
2026-09-05T23:00,24.8,69,1014.3,16.2,0.0
2026-09-06T00:00,24.0,72,1013.8,16.6,0.0
2026-09-06T01:00,23.6,75,1013.7,17.1,0.0
2026-09-06T02:00,23.3,77,1013.4,17.7,0.0
2026-09-06T03:00,22.9,78,1013.4,17.1,0.0
2026-09-06T04:00,22.7,79,1013.2,17.7,0.0
2026-09-06T05:00,22.6,79,1013.4,17.8,0.0
2026-09-06T06:00,22.7,78,1014.0,18.3,0.0
2026-09-06T07:00,24.7,70,1014.4,16.5,0.0
2026-09-06T08:00,26.7,62,1014.8,16.1,0.0
2026-09-06T09:00,28.6,54,1014.6,13.7,0.0
2026-09-06T10:00,30.3,49,1014.1,11.1,0.0
2026-09-06T11:00,31.9,44,1013.0,9.7,0.0
2026-09-06T12:00,32.8,40,1011.7,5.8,0.0
2026-09-06T13:00,32.2,45,1010.7,7.8,0.0
2026-09-06T14:00,29.8,61,1010.2,17.4,0.0
2026-09-06T15:00,29.6,57,1009.9,16.3,0.0
2026-09-06T16:00,29.6,58,1010.0,12.6,0.0
2026-09-06T17:00,28.6,65,1010.1,11.2,0.0
2026-09-06T18:00,27.1,73,1011.6,3.8,0.0
2026-09-06T19:00,27.8,57,1013.1,16.4,0.0
2026-09-06T20:00,26.6,62,1014.3,19.1,0.0
2026-09-06T21:00,25.9,64,1014.6,20.2,0.0
2026-09-06T22:00,25.7,65,1014.6,20.7,0.0
2026-09-06T23:00,25.2,67,1014.4,20.4,0.0
2026-09-07T00:00,24.7,70,1014.0,21.7,0.0
2026-09-07T01:00,24.5,72,1013.6,20.2,0.0
2026-09-07T02:00,24.1,74,1013.0,20.3,0.0
2026-09-07T03:00,23.9,75,1012.8,19.3,0.0
2026-09-07T04:00,23.6,76,1013.0,18.7,0.0
2026-09-07T05:00,23.5,76,1013.3,18.9,0.0
2026-09-07T06:00,23.5,76,1014.0,19.9,0.0
2026-09-07T07:00,25.0,72,1014.2,19.0,0.0
2026-09-07T08:00,27.0,64,1014.6,20.7,0.0
2026-09-07T09:00,29.1,56,1014.4,18.8,0.0
2026-09-07T10:00,30.8,50,1013.8,15.7,0.0
2026-09-07T11:00,32.2,45,1012.6,10.6,0.0
2026-09-07T12:00,32.5,43,1011.5,1.7,0.0
2026-09-07T13:00,30.6,59,1010.5,18.4,0.0
2026-09-07T14:00,30.0,58,1010.1,19.3,0.0
2026-09-07T15:00,29.3,66,1009.5,18.0,0.2
2026-09-07T16:00,28.9,71,1009.6,18.0,0.2
2026-09-07T17:00,28.6,70,1009.9,14.9,0.0
2026-09-07T18:00,27.7,71,1010.5,13.9,0.0
2026-09-07T19:00,27.5,75,1011.8,4.9,0.1
2026-09-07T20:00,27.0,77,1012.7,4.0,0.0
2026-09-07T21:00,26.5,76,1013.0,4.6,0.0
2026-09-07T22:00,26.2,77,1013.5,6.9,0.0
2026-09-07T23:00,26.0,73,1013.4,11.2,0.0
2026-09-08T00:00,25.6,70,1012.9,14.7,0.0
2026-09-08T01:00,25.0,72,1012.6,13.5,0.0
2026-09-08T02:00,24.6,72,1012.1,15.7,0.0
2026-09-08T03:00,24.3,74,1011.8,16.8,0.0
2026-09-08T04:00,24.0,75,1012.1,15.5,0.0
2026-09-08T05:00,23.8,76,1012.6,15.4,0.0
2026-09-08T06:00,23.9,75,1013.3,15.7,0.0
2026-09-08T07:00,25.5,71,1013.9,14.0,0.0
2026-09-08T08:00,27.9,62,1014.6,13.2,0.0
2026-09-08T09:00,29.8,54,1014.5,10.9,0.0
2026-09-08T10:00,31.3,49,1013.8,6.2,0.0
2026-09-08T11:00,31.6,48,1012.8,3.1,0.0
2026-09-08T12:00,30.2,63,1012.0,13.0,0.1
2026-09-08T13:00,30.0,59,1011.2,17.3,0.1
2026-09-08T14:00,30.7,53,1010.3,13.6,0.0
2026-09-08T15:00,30.2,59,1009.8,13.0,0.0
2026-09-08T16:00,29.4,67,1009.8,11.9,0.0
2026-09-08T17:00,28.7,70,1010.1,9.7,0.0
2026-09-08T18:00,27.7,74,1010.6,6.2,0.0
2026-09-08T19:00,27.7,71,1011.6,7.9,0.0
2026-09-08T20:00,27.6,67,1012.8,13.5,0.0
2026-09-08T21:00,27.2,67,1013.0,16.4,0.0
2026-09-08T22:00,26.4,68,1013.5,17.6,0.0
2026-09-08T23:00,26.0,66,1013.3,20.8,0.0
2026-09-09T00:00,25.5,68,1012.8,21.3,0.0
2026-09-09T01:00,25.5,69,1012.0,19.7,0.0
2026-09-09T02:00,25.2,70,1011.3,21.8,0.0
2026-09-09T03:00,24.9,71,1010.8,22.2,0.0
2026-09-09T04:00,24.7,73,1010.8,21.3,0.0
2026-09-09T05:00,24.3,75,1011.2,18.8,0.0
2026-09-09T06:00,24.3,76,1012.0,17.1,0.0
2026-09-09T07:00,25.8,70,1012.7,14.2,0.0
2026-09-09T08:00,27.7,63,1013.0,15.8,0.0
2026-09-09T09:00,29.7,56,1012.9,13.9,0.0
2026-09-09T10:00,31.5,48,1012.3,11.8,0.0
2026-09-09T11:00,32.1,47,1011.4,7.5,0.0
2026-09-09T12:00,31.2,53,1010.5,7.4,0.1
2026-09-09T13:00,31.0,59,1009.6,13.1,0.1
2026-09-09T14:00,30.5,60,1008.7,14.1,0.1
2026-09-09T15:00,30.1,64,1008.1,15.1,0.1
2026-09-09T16:00,29.9,65,1008.3,15.6,0.0
2026-09-09T17:00,29.0,65,1008.6,13.8,0.0
2026-09-09T18:00,27.8,68,1009.2,14.7,0.0
2026-09-09T19:00,27.1,73,1010.2,13.6,0.0
2026-09-09T20:00,26.5,76,1011.0,8.0,0.0
2026-09-09T21:00,25.9,81,1011.2,2.0,0.0
2026-09-09T22:00,25.5,79,1011.4,4.4,0.0
2026-09-09T23:00,25.5,78,1011.6,9.4,0.0
2026-09-10T00:00,25.5,78,1011.6,12.0,0.0
2026-09-10T01:00,25.3,71,1011.6,13.6,0.0
2026-09-10T02:00,24.9,70,1011.1,15.2,0.0
2026-09-10T03:00,24.5,73,1011.0,14.3,0.0
2026-09-10T04:00,24.1,75,1011.0,13.7,0.0
2026-09-10T05:00,23.9,77,1011.2,15.6,0.0
2026-09-10T06:00,24.0,78,1011.6,17.4,0.0
2026-09-10T07:00,25.9,71,1012.3,13.8,0.0
2026-09-10T08:00,27.6,65,1012.5,14.1,0.0
2026-09-10T09:00,29.2,59,1012.5,12.5,0.0
2026-09-10T10:00,31.2,52,1011.9,8.8,0.0
2026-09-10T11:00,32.1,49,1010.8,3.2,0.0
2026-09-10T12:00,30.8,55,1010.1,8.7,0.0
2026-09-10T13:00,29.6,68,1009.4,15.9,0.4
2026-09-10T14:00,29.4,68,1008.5,12.9,0.3
2026-09-10T15:00,29.6,64,1008.0,12.0,0.3
2026-09-10T16:00,29.6,64,1008.0,12.2,0.1
2026-09-10T17:00,28.9,68,1008.2,11.2,0.0
2026-09-10T18:00,27.7,73,1008.8,12.7,0.0
2026-09-10T19:00,27.1,76,1009.8,11.4,0.0
2026-09-10T20:00,26.7,75,1010.6,6.2,0.0
2026-09-10T21:00,26.1,78,1011.3,3.7,0.0
2026-09-10T22:00,26.0,78,1011.8,2.6,0.0
2026-09-10T23:00,25.6,80,1012.0,4.0,0.0
2026-09-11T00:00,25.1,83,1012.1,4.1,0.0
2026-09-11T01:00,25.2,82,1011.7,6.5,0.0
2026-09-11T02:00,24.8,83,1011.4,6.9,0.0
2026-09-11T03:00,24.5,84,1011.2,8.5,0.0
2026-09-11T04:00,24.4,83,1011.2,9.8,0.0
2026-09-11T05:00,24.7,78,1011.2,10.9,0.0
2026-09-11T06:00,24.7,77,1011.8,10.2,0.0
2026-09-11T07:00,26.7,70,1012.6,7.9,0.0
2026-09-11T08:00,28.4,64,1012.8,7.1,0.0
2026-09-11T09:00,30.2,57,1013.2,4.0,0.0
2026-09-11T10:00,31.5,52,1012.7,1.1,0.0
2026-09-11T11:00,32.4,47,1011.6,4.3,0.0
2026-09-11T12:00,31.5,58,1010.4,11.5,0.0
2026-09-11T13:00,32.3,53,1009.4,7.8,0.2
2026-09-11T14:00,32.4,52,1008.9,7.5,0.3
2026-09-11T15:00,31.8,52,1008.3,12.4,0.2
2026-09-11T16:00,30.9,55,1008.1,15.8,0.0
2026-09-11T17:00,29.6,61,1008.3,14.8,0.0
2026-09-11T18:00,28.2,66,1008.8,16.0,0.0
2026-09-11T19:00,27.5,75,1009.9,19.2,0.0
2026-09-11T20:00,27.4,74,1010.3,18.4,0.0
2026-09-11T21:00,27.4,73,1011.1,10.1,0.0
2026-09-11T22:00,26.8,77,1011.9,1.3,0.0
2026-09-11T23:00,26.2,81,1012.3,5.4,0.0
2026-09-12T00:00,25.8,87,1011.8,2.3,0.0
2026-09-12T01:00,25.1,91,1011.2,2.2,0.0
2026-09-12T02:00,24.5,94,1010.8,3.2,0.0
2026-09-12T03:00,24.2,93,1010.4,4.6,0.0
2026-09-12T04:00,23.8,90,1010.8,3.6,0.0
2026-09-12T05:00,23.5,89,1011.0,3.3,0.0
2026-09-12T06:00,23.9,87,1011.5,4.7,0.0
2026-09-12T07:00,26.6,72,1012.3,5.7,0.0
2026-09-12T08:00,28.4,67,1012.6,7.1,0.0
2026-09-12T09:00,29.9,61,1012.6,5.8,0.0
2026-09-12T10:00,31.7,53,1012.3,7.0,0.0
2026-09-12T11:00,32.7,46,1011.1,5.2,0.0
2026-09-12T12:00,33.1,42,1010.1,3.3,0.0
2026-09-12T13:00,33.8,42,1009.4,8.1,0.0
2026-09-12T14:00,33.4,45,1008.8,13.6,0.0
2026-09-12T15:00,32.5,47,1008.1,17.2,0.0
2026-09-12T16:00,30.9,52,1008.4,18.3,0.0
2026-09-12T17:00,29.1,62,1008.7,18.7,0.0
2026-09-12T18:00,27.1,73,1009.7,21.5,0.0
2026-09-12T19:00,27.2,72,1011.1,22.5,0.0
2026-09-12T20:00,26.9,76,1011.5,20.8,0.0
2026-09-12T21:00,26.8,77,1011.9,17.1,0.0
2026-09-12T22:00,26.7,78,1012.2,14.9,0.0
2026-09-12T23:00,26.4,77,1012.2,13.1,0.0
2026-09-13T00:00,26.3,77,1011.8,12.4,0.0
2026-09-13T01:00,25.5,78,1011.6,11.5,0.0
2026-09-13T02:00,24.7,79,1011.4,9.5,0.0
2026-09-13T03:00,24.2,78,1011.2,8.9,0.0
2026-09-13T04:00,24.0,79,1011.4,8.7,0.0
2026-09-13T05:00,24.1,75,1011.6,9.3,0.0
2026-09-13T06:00,24.5,72,1012.1,9.7,0.0
2026-09-13T07:00,26.7,67,1013.1,8.2,0.0
2026-09-13T08:00,28.5,61,1013.6,7.0,0.0
2026-09-13T09:00,30.4,53,1013.8,8.1,0.0
2026-09-13T10:00,31.7,49,1013.2,8.9,0.0
2026-09-13T11:00,32.8,44,1012.0,8.6,0.0
2026-09-13T12:00,33.7,41,1010.6,7.9,0.0
2026-09-13T13:00,34.2,38,1009.8,11.2,0.0
2026-09-13T14:00,33.7,40,1009.0,10.5,0.0
2026-09-13T15:00,33.3,41,1008.2,11.4,0.0
2026-09-13T16:00,32.2,46,1008.3,12.0,0.0
2026-09-13T17:00,29.9,61,1008.8,13.8,0.0
2026-09-13T18:00,27.7,69,1009.6,13.8,0.0
2026-09-13T19:00,27.1,74,1011.0,15.0,0.0
2026-09-13T20:00,26.6,78,1011.5,9.7,0.0
2026-09-13T21:00,25.7,82,1011.9,2.6,0.0
2026-09-13T22:00,25.3,84,1012.2,0.4,0.0
2026-09-13T23:00,24.8,87,1012.1,2.5,0.0
2026-09-14T00:00,24.6,88,1011.7,4.1,0.0
2026-09-14T01:00,24.1,88,1011.6,3.2,0.0
2026-09-14T02:00,23.4,87,1011.3,2.9,0.0
2026-09-14T03:00,22.9,84,1011.2,3.5,0.0
2026-09-14T04:00,22.8,81,1011.3,4.6,0.0
2026-09-14T05:00,22.7,80,1011.4,5.8,0.0
2026-09-14T06:00,23.0,79,1012.1,6.0,0.0
2026-09-14T07:00,25.7,71,1013.0,5.5,0.0
2026-09-14T08:00,27.8,63,1013.4,5.3,0.0
2026-09-14T09:00,29.9,54,1013.6,0.6,0.0
2026-09-14T10:00,31.1,50,1013.1,3.9,0.0
2026-09-14T11:00,31.6,51,1012.1,7.6,0.0
2026-09-14T12:00,32.4,46,1010.8,6.7,0.0
2026-09-14T13:00,33.8,39,1009.6,7.1,0.0
2026-09-14T14:00,33.0,41,1008.8,11.1,0.0
2026-09-14T15:00,32.2,46,1008.4,13.5,0.0
2026-09-14T16:00,30.9,53,1008.3,14.3,0.0
2026-09-14T17:00,29.0,61,1008.6,15.2,0.0
2026-09-14T18:00,27.5,63,1009.1,18.1,0.0
2026-09-14T19:00,27.2,73,1009.9,23.1,0.0
2026-09-14T20:00,27.1,72,1010.8,12.3,0.0
2026-09-14T21:00,26.7,73,1011.6,2.9,0.0
2026-09-14T22:00,26.3,75,1012.0,3.3,0.0
2026-09-14T23:00,25.7,79,1012.0,2.8,0.0
2026-09-15T00:00,25.5,79,1011.6,7.1,0.0
2026-09-15T01:00,25.2,79,1011.4,8.8,0.0
2026-09-15T02:00,24.9,77,1011.2,11.1,0.0
2026-09-15T03:00,24.6,75,1011.3,12.6,0.0
2026-09-15T04:00,24.3,76,1011.3,12.2,0.0
2026-09-15T05:00,23.8,77,1011.7,11.6,0.0
2026-09-15T06:00,23.9,76,1012.3,10.7,0.0
2026-09-15T07:00,26.0,69,1013.2,6.1,0.0
2026-09-15T08:00,28.0,61,1013.7,5.1,0.0
2026-09-15T09:00,30.0,52,1013.6,4.4,0.0
2026-09-15T10:00,31.3,47,1013.1,3.0,0.0
2026-09-15T11:00,32.2,43,1012.4,2.4,0.0
2026-09-15T12:00,32.5,44,1011.3,6.6,0.0
2026-09-15T13:00,33.6,35,1010.3,8.2,0.0
2026-09-15T14:00,33.3,36,1009.7,7.0,0.0
2026-09-15T15:00,32.9,37,1009.1,6.9,0.0
2026-09-15T16:00,31.6,45,1008.8,6.9,0.0
2026-09-15T17:00,29.4,61,1008.9,10.4,0.0
2026-09-15T18:00,27.9,64,1009.7,10.9,0.0
2026-09-15T19:00,26.9,73,1010.8,16.2,0.0
2026-09-15T20:00,26.5,72,1011.7,6.9,0.0
2026-09-15T21:00,26.1,74,1012.6,5.8,0.0
2026-09-15T22:00,25.9,79,1012.6,2.2,0.0
2026-09-15T23:00,25.3,81,1012.8,2.6,0.0
2026-09-16T00:00,24.7,81,1012.2,2.2,0.0
2026-09-16T01:00,24.4,77,1011.9,7.7,0.0
2026-09-16T02:00,24.5,69,1011.5,11.0,0.0
2026-09-16T03:00,24.5,68,1011.6,12.7,0.0
2026-09-16T04:00,24.2,69,1011.8,11.4,0.0
2026-09-16T05:00,23.7,71,1012.0,11.4,0.0
2026-09-16T06:00,23.8,70,1012.6,12.9,0.0
2026-09-16T07:00,26.0,65,1013.3,10.1,0.0
2026-09-16T08:00,27.9,57,1013.7,9.2,0.0
2026-09-16T09:00,29.7,50,1013.4,9.2,0.0
2026-09-16T10:00,31.3,44,1012.8,8.8,0.0
2026-09-16T11:00,32.2,41,1011.8,4.3,0.0
2026-09-16T12:00,31.7,46,1010.9,8.2,0.0
2026-09-16T13:00,30.2,59,1010.4,19.6,0.0
2026-09-16T14:00,29.9,56,1010.0,17.6,0.1
2026-09-16T15:00,29.8,58,1009.7,18.6,0.1
2026-09-16T16:00,29.2,61,1009.5,19.2,0.0
2026-09-16T17:00,28.2,62,1009.5,17.7,0.0
2026-09-16T18:00,26.8,68,1010.0,16.2,0.0
2026-09-16T19:00,26.3,75,1011.4,12.2,0.0
2026-09-16T20:00,25.9,77,1012.1,10.0,0.0
2026-09-16T21:00,25.6,76,1012.8,7.5,0.0
2026-09-16T22:00,25.2,76,1013.2,5.7,0.0
2026-09-16T23:00,24.7,79,1013.1,4.6,0.0
2026-09-17T00:00,24.4,79,1012.5,4.6,0.0
2026-09-17T01:00,24.8,80,1012.1,11.1,0.0
2026-09-17T02:00,24.5,82,1011.8,8.9,0.0
2026-09-17T03:00,24.3,82,1011.6,9.2,0.0
2026-09-17T04:00,24.3,80,1011.9,10.0,0.0
2026-09-17T05:00,24.1,79,1012.0,13.7,0.0
2026-09-17T06:00,24.3,79,1012.4,16.6,0.0
2026-09-17T07:00,26.3,72,1012.9,12.6,0.0
2026-09-17T08:00,28.1,63,1013.3,12.7,0.0
2026-09-17T09:00,29.8,56,1013.2,11.3,0.0
2026-09-17T10:00,31.2,51,1012.3,8.7,0.0
2026-09-17T11:00,31.3,52,1011.4,5.6,0.0
2026-09-17T12:00,29.3,65,1010.8,18.1,0.0
2026-09-17T13:00,29.9,58,1010.1,17.7,0.0
2026-09-17T14:00,30.3,58,1009.4,14.9,0.0
2026-09-17T15:00,29.9,61,1008.9,17.1,0.0
2026-09-17T16:00,29.0,64,1009.0,16.4,0.0
2026-09-17T17:00,27.8,69,1009.5,14.4,0.0
2026-09-17T18:00,26.8,76,1010.3,14.1,0.0
2026-09-17T19:00,26.6,78,1011.4,11.8,0.0
2026-09-17T20:00,26.2,80,1012.0,8.4,0.0
2026-09-17T21:00,25.9,82,1012.4,7.2,0.0
2026-09-17T22:00,25.5,84,1012.7,7.5,0.0
2026-09-17T23:00,25.3,84,1012.4,6.0,0.0
2026-09-18T00:00,24.8,85,1011.9,4.1,0.0
2026-09-18T01:00,24.8,87,1011.4,3.3,0.0
2026-09-18T02:00,24.3,89,1011.1,3.1,0.0
2026-09-18T03:00,23.9,89,1011.0,3.8,0.0
2026-09-18T04:00,23.9,88,1011.1,4.3,0.0
2026-09-18T05:00,24.3,84,1011.3,7.5,0.0
2026-09-18T06:00,24.6,82,1011.9,9.1,0.0
2026-09-18T07:00,27.0,74,1012.8,4.2,0.0
2026-09-18T08:00,28.4,69,1013.2,2.3,0.0
2026-09-18T09:00,29.6,64,1012.9,2.3,0.0
2026-09-18T10:00,30.1,64,1012.2,6.4,0.1
2026-09-18T11:00,29.0,71,1011.4,11.5,0.6
2026-09-18T12:00,29.6,71,1010.2,15.4,0.4
2026-09-18T13:00,31.1,62,1009.4,9.5,0.1
2026-09-18T14:00,31.5,58,1008.8,11.0,0.1
2026-09-18T15:00,31.2,58,1008.3,12.7,0.1
2026-09-18T16:00,30.4,61,1008.5,13.3,0.0
2026-09-18T17:00,29.1,65,1008.9,14.3,0.0
2026-09-18T18:00,27.8,69,1009.8,13.8,0.0
2026-09-18T19:00,27.5,70,1011.0,13.3,0.0
2026-09-18T20:00,27.3,72,1011.5,7.0,0.0
2026-09-18T21:00,26.8,78,1012.1,2.7,0.0
2026-09-18T22:00,26.4,80,1012.6,2.9,0.0
2026-09-18T23:00,26.1,82,1012.7,3.2,0.0
2026-09-19T00:00,25.7,84,1012.5,3.8,0.0
2026-09-19T01:00,25.5,83,1012.0,3.3,0.0
2026-09-19T02:00,25.0,85,1011.9,2.8,0.0
2026-09-19T03:00,24.9,86,1011.9,4.2,0.0
2026-09-19T04:00,24.7,86,1012.3,3.8,0.0
2026-09-19T05:00,24.7,85,1012.8,7.1,0.0
2026-09-19T06:00,25.3,81,1013.2,10.2,0.0
2026-09-19T07:00,27.4,71,1013.7,7.6,0.0
2026-09-19T08:00,29.2,61,1013.9,7.2,0.0
2026-09-19T09:00,30.8,54,1014.2,4.8,0.0
2026-09-19T10:00,32.0,50,1013.3,1.6,0.0
2026-09-19T11:00,32.6,49,1012.5,6.3,0.0
2026-09-19T12:00,30.7,66,1011.8,15.5,0.3
2026-09-19T13:00,31.9,57,1010.9,11.2,0.0
2026-09-19T14:00,31.4,60,1010.5,11.8,0.4
2026-09-19T15:00,31.5,57,1009.9,12.0,0.1
2026-09-19T16:00,31.0,58,1009.9,11.1,0.0
2026-09-19T17:00,29.8,64,1010.2,9.7,0.0
2026-09-19T18:00,28.5,68,1011.1,7.3,0.0
2026-09-19T19:00,28.1,71,1012.4,3.6,0.0
2026-09-19T20:00,27.4,73,1013.1,8.2,0.0
2026-09-19T21:00,27.0,76,1013.4,9.2,0.0
2026-09-19T22:00,27.1,74,1013.6,7.1,0.0
2026-09-19T23:00,26.5,78,1013.6,4.1,0.0
2026-09-20T00:00,26.0,81,1013.3,3.9,0.0
2026-09-20T01:00,25.9,82,1013.0,3.2,0.0
2026-09-20T02:00,25.6,83,1012.8,3.2,0.0
2026-09-20T03:00,25.3,81,1012.5,4.4,0.0
2026-09-20T04:00,24.9,79,1013.2,4.3,0.0
2026-09-20T05:00,24.9,73,1013.2,9.3,0.0
2026-09-20T06:00,25.3,69,1013.7,13.8,0.0
2026-09-20T07:00,27.4,63,1014.8,10.1,0.0
2026-09-20T08:00,29.0,58,1015.1,9.2,0.0
2026-09-20T09:00,30.5,54,1014.9,5.6,0.0
2026-09-20T10:00,31.8,51,1014.3,3.7,0.0
2026-09-20T11:00,32.4,49,1013.1,6.2,0.0
2026-09-20T12:00,31.5,58,1011.9,15.1,0.0
2026-09-20T13:00,31.2,63,1010.8,12.5,0.0
2026-09-20T14:00,31.1,64,1010.2,9.9,0.3
2026-09-20T15:00,31.3,62,1009.5,11.0,0.2
2026-09-20T16:00,30.8,61,1009.3,13.0,0.1
2026-09-20T17:00,29.8,64,1009.3,13.5,0.0
2026-09-20T18:00,28.2,70,1010.0,16.4,0.0
2026-09-20T19:00,27.9,74,1011.5,17.3,0.0
2026-09-20T20:00,27.4,76,1012.5,11.1,0.0
2026-09-20T21:00,27.0,78,1013.0,4.2,0.0
2026-09-20T22:00,26.6,80,1013.4,2.7,0.0
2026-09-20T23:00,26.3,80,1013.2,3.8,0.0
2026-09-21T00:00,26.1,80,1012.5,2.3,0.0
2026-09-21T01:00,25.7,80,1011.9,3.5,0.0
2026-09-21T02:00,25.3,83,1011.5,6.0,0.0
2026-09-21T03:00,25.2,83,1011.2,8.4,0.0
2026-09-21T04:00,25.0,81,1011.2,8.8,0.0
2026-09-21T05:00,24.5,81,1011.4,6.8,0.0
2026-09-21T06:00,24.7,78,1012.0,7.8,0.0
2026-09-21T07:00,27.1,68,1013.1,6.0,0.0
2026-09-21T08:00,29.0,60,1013.5,6.5,0.0
2026-09-21T09:00,30.8,51,1013.5,3.6,0.0
2026-09-21T10:00,32.0,47,1013.1,2.0,0.0
2026-09-21T11:00,32.3,48,1012.1,8.4,0.0
2026-09-21T12:00,31.3,58,1010.9,14.2,0.5
2026-09-21T13:00,33.2,44,1009.7,8.6,0.2
2026-09-21T14:00,32.8,45,1008.9,11.5,0.1
2026-09-21T15:00,32.3,47,1008.3,13.9,0.0
2026-09-21T16:00,31.1,52,1008.0,15.7,0.0
2026-09-21T17:00,29.5,57,1008.6,15.6,0.0
2026-09-21T18:00,27.9,65,1009.3,14.6,0.0
2026-09-21T19:00,27.6,74,1010.4,14.9,0.0
2026-09-21T20:00,27.2,77,1011.3,8.7,0.0
2026-09-21T21:00,26.5,81,1011.8,2.7,0.0
2026-09-21T22:00,26.3,82,1012.1,1.8,0.0
2026-09-21T23:00,26.0,81,1012.1,7.0,0.0
2026-09-22T00:00,25.5,82,1011.5,8.1,0.0
2026-09-22T01:00,25.4,79,1011.2,8.2,0.0
2026-09-22T02:00,25.1,80,1010.7,6.2,0.0
2026-09-22T03:00,24.8,81,1010.7,5.8,0.0
2026-09-22T04:00,24.5,81,1010.9,7.4,0.0
2026-09-22T05:00,24.3,79,1011.3,10.7,0.0
2026-09-22T06:00,24.5,76,1011.9,14.6,0.0
2026-09-22T07:00,27.0,64,1012.8,8.3,0.0
2026-09-22T08:00,28.9,57,1013.1,7.6,0.0
2026-09-22T09:00,30.7,52,1013.0,4.3,0.0
2026-09-22T10:00,32.0,48,1012.3,3.2,0.0
2026-09-22T11:00,32.8,45,1011.2,4.1,0.0
2026-09-22T12:00,32.5,50,1010.1,11.5,0.0
2026-09-22T13:00,32.5,52,1008.9,11.6,0.2
2026-09-22T14:00,32.0,53,1008.5,12.2,0.4
2026-09-22T15:00,31.7,53,1008.0,14.0,0.2
2026-09-22T16:00,30.9,57,1008.0,15.5,0.1
2026-09-22T17:00,29.5,62,1008.4,15.4,0.0
2026-09-22T18:00,28.1,67,1009.1,14.4,0.0
2026-09-22T19:00,27.6,74,1010.5,15.6,0.0
2026-09-22T20:00,27.3,77,1011.5,8.3,0.0
2026-09-22T21:00,26.6,82,1011.9,2.1,0.0
2026-09-22T22:00,26.1,80,1012.3,4.0,0.0
2026-09-22T23:00,25.7,82,1011.7,4.4,0.0
2026-09-23T00:00,25.3,84,1011.6,4.2,0.0
2026-09-23T01:00,25.3,83,1011.3,7.7,0.0
2026-09-23T02:00,25.3,83,1010.9,10.2,0.0
2026-09-23T03:00,24.9,83,1010.8,12.3,0.0
2026-09-23T04:00,24.5,83,1011.2,10.8,0.0
2026-09-23T05:00,24.1,84,1011.6,9.3,0.0
2026-09-23T06:00,24.3,82,1012.3,11.4,0.0
2026-09-23T07:00,26.7,72,1013.3,7.9,0.0
2026-09-23T08:00,28.5,63,1013.8,9.0,0.0
2026-09-23T09:00,30.3,55,1013.7,7.8,0.0
2026-09-23T10:00,31.7,49,1013.1,6.5,0.0
2026-09-23T11:00,32.5,46,1011.8,7.7,0.0
2026-09-23T12:00,32.4,46,1010.7,7.9,0.0
2026-09-23T13:00,30.5,62,1009.7,19.0,0.0
2026-09-23T14:00,30.7,55,1009.0,15.0,0.0
2026-09-23T15:00,31.1,57,1008.2,14.6,0.0
2026-09-23T16:00,30.7,58,1008.2,15.8,0.0
2026-09-23T17:00,29.4,62,1008.6,15.6,0.0
2026-09-23T18:00,27.9,69,1009.3,16.1,0.0
2026-09-23T19:00,27.6,69,1010.4,14.6,0.0
2026-09-23T20:00,27.3,74,1011.0,11.3,0.0
2026-09-23T21:00,26.8,77,1011.5,5.1,0.0
2026-09-23T22:00,26.4,79,1011.7,3.9,0.0
2026-09-23T23:00,26.3,81,1011.4,3.0,0.0
2026-09-24T00:00,26.0,83,1011.1,1.8,0.0
2026-09-24T01:00,25.7,83,1010.7,3.1,0.0
2026-09-24T02:00,25.2,84,1010.5,4.9,0.0
2026-09-24T03:00,24.6,85,1010.5,3.4,0.0
2026-09-24T04:00,24.0,85,1010.8,2.2,0.0
2026-09-24T05:00,23.7,85,1011.5,2.3,0.0
2026-09-24T06:00,24.2,82,1012.1,4.4,0.0
2026-09-24T07:00,26.7,70,1012.9,5.2,0.0
2026-09-24T08:00,28.6,62,1013.1,3.2,0.0
2026-09-24T09:00,30.5,50,1012.6,1.7,0.0
2026-09-24T10:00,31.9,43,1012.0,2.3,0.0
2026-09-24T11:00,32.7,42,1011.0,3.6,0.0
2026-09-24T12:00,33.4,41,1009.9,4.9,0.0
2026-09-24T13:00,33.8,40,1009.0,12.6,0.0
2026-09-24T14:00,33.3,39,1008.5,14.5,0.0
2026-09-24T15:00,32.6,44,1008.0,13.2,0.0
2026-09-24T16:00,31.2,54,1007.9,14.4,0.0
2026-09-24T17:00,29.2,63,1008.7,17.2,0.0
2026-09-24T18:00,27.8,71,1009.8,16.2,0.0
2026-09-24T19:00,27.6,74,1010.9,18.3,0.0
2026-09-24T20:00,27.3,74,1011.6,17.7,0.0
2026-09-24T21:00,27.2,76,1012.1,14.2,0.0
2026-09-24T22:00,26.5,81,1012.9,3.0,0.0
2026-09-24T23:00,26.3,81,1013.1,5.4,0.0
2026-09-25T00:00,26.2,84,1012.6,6.0,0.0
2026-09-25T01:00,26.0,85,1012.3,6.5,0.0
2026-09-25T02:00,25.3,87,1011.7,5.6,0.0
2026-09-25T03:00,24.6,89,1011.6,4.4,0.0
2026-09-25T04:00,24.3,88,1011.6,5.2,0.0
2026-09-25T05:00,24.1,86,1012.0,4.3,0.0
2026-09-25T06:00,24.7,83,1012.8,6.2,0.0
2026-09-25T07:00,27.1,71,1013.5,5.0,0.0
2026-09-25T08:00,29.0,64,1013.7,4.4,0.0
2026-09-25T09:00,30.9,53,1013.6,3.1,0.0
2026-09-25T10:00,32.3,45,1013.2,2.7,0.0
2026-09-25T11:00,33.4,40,1012.3,3.2,0.0
2026-09-25T12:00,34.3,37,1010.9,5.3,0.0
2026-09-25T13:00,34.6,39,1009.9,10.3,0.0
2026-09-25T14:00,33.9,42,1009.3,13.0,0.0
2026-09-25T15:00,33.1,46,1008.5,14.7,0.0
2026-09-25T16:00,31.7,55,1008.3,16.0,0.0
2026-09-25T17:00,29.8,64,1009.1,15.9,0.0
2026-09-25T18:00,28.4,68,1010.0,14.5,0.0
2026-09-25T19:00,27.9,72,1010.9,14.3,0.0
2026-09-25T20:00,27.5,75,1011.5,12.8,0.0
2026-09-25T21:00,27.2,75,1012.0,5.2,0.0
2026-09-25T22:00,26.6,79,1012.5,3.7,0.0
2026-09-25T23:00,26.5,82,1012.6,5.9,0.0
2026-09-26T00:00,25.7,87,1012.0,2.6,0.0
2026-09-26T01:00,25.4,89,1011.7,3.0,0.0
2026-09-26T02:00,24.5,91,1011.3,4.6,0.0
2026-09-26T03:00,23.8,91,1011.1,3.2,0.0
2026-09-26T04:00,23.4,89,1011.3,2.6,0.0
2026-09-26T05:00,23.3,84,1011.9,2.8,0.0
2026-09-26T06:00,24.1,81,1012.7,3.6,0.0
2026-09-26T07:00,26.9,69,1013.3,5.5,0.0
2026-09-26T08:00,28.6,62,1013.8,4.0,0.0
2026-09-26T09:00,30.4,54,1013.8,1.9,0.0
2026-09-26T10:00,31.3,54,1013.2,7.5,0.0
2026-09-26T11:00,30.9,61,1012.2,13.1,0.0
2026-09-26T12:00,32.3,54,1010.6,8.3,0.0
2026-09-26T13:00,34.0,38,1009.5,10.3,0.0
2026-09-26T14:00,33.4,36,1008.7,14.4,0.0
2026-09-26T15:00,32.5,37,1008.0,15.7,0.0
2026-09-26T16:00,31.1,44,1008.1,15.3,0.0
2026-09-26T17:00,29.4,58,1008.5,13.9,0.0
2026-09-26T18:00,27.7,70,1009.0,14.6,0.0
2026-09-26T19:00,27.7,71,1009.8,13.5,0.0
2026-09-26T20:00,27.4,71,1010.9,12.0,0.0
2026-09-26T21:00,27.1,73,1011.3,5.0,0.0
2026-09-26T22:00,26.6,78,1011.8,1.7,0.0
2026-09-26T23:00,26.2,80,1012.0,3.9,0.0
2026-09-27T00:00,25.7,83,1011.6,4.2,0.0
2026-09-27T01:00,25.3,86,1011.0,3.3,0.0
2026-09-27T02:00,25.0,88,1010.6,7.1,0.0
2026-09-27T03:00,24.6,89,1010.6,9.1,0.0
2026-09-27T04:00,24.3,89,1010.6,9.3,0.0
2026-09-27T05:00,24.0,88,1010.9,9.7,0.0
2026-09-27T06:00,24.1,86,1011.3,10.1,0.0
2026-09-27T07:00,26.5,73,1012.0,7.5,0.0
2026-09-27T08:00,28.8,59,1012.3,8.2,0.0
2026-09-27T09:00,30.9,48,1012.4,4.3,0.0
2026-09-27T10:00,31.9,45,1012.1,4.7,0.0
2026-09-27T11:00,30.7,61,1011.7,15.8,0.0
2026-09-27T12:00,30.8,62,1010.8,15.9,0.0
2026-09-27T13:00,33.2,47,1009.5,10.4,0.0
2026-09-27T14:00,33.2,42,1009.0,13.3,0.1
2026-09-27T15:00,32.9,43,1008.4,12.4,0.0
2026-09-27T16:00,32.0,48,1008.0,10.9,0.0
2026-09-27T17:00,30.5,55,1008.4,9.5,0.0
2026-09-27T18:00,28.7,63,1009.6,11.4,0.0
2026-09-27T19:00,27.8,72,1010.7,14.9,0.0
2026-09-27T20:00,27.5,73,1011.7,8.1,0.0
2026-09-27T21:00,27.1,75,1012.8,2.2,0.0
2026-09-27T22:00,27.0,76,1013.2,1.3,0.0
2026-09-27T23:00,26.3,79,1013.0,3.2,0.0
2026-09-28T00:00,26.0,80,1012.8,7.8,0.0
2026-09-28T01:00,25.8,81,1012.4,10.5,0.0
2026-09-28T02:00,25.5,81,1012.2,13.5,0.0
2026-09-28T03:00,25.1,80,1011.8,14.3,0.0
2026-09-28T04:00,24.6,81,1011.9,12.2,0.0
2026-09-28T05:00,24.3,81,1012.4,11.8,0.0
2026-09-28T06:00,24.9,75,1012.9,11.7,0.0
2026-09-28T07:00,27.3,67,1013.4,10.3,0.0
2026-09-28T08:00,29.1,57,1013.9,10.7,0.0
2026-09-28T09:00,30.9,52,1013.8,7.4,0.0
2026-09-28T10:00,32.0,49,1013.1,0.6,0.0
2026-09-28T11:00,31.6,58,1012.4,10.4,0.1
2026-09-28T12:00,31.8,61,1011.3,11.9,0.2
2026-09-28T13:00,33.8,47,1010.3,7.2,0.2
2026-09-28T14:00,33.5,47,1009.6,13.4,0.1
2026-09-28T15:00,32.4,49,1009.3,17.9,0.0
2026-09-28T16:00,31.1,44,1009.5,18.6,0.0
2026-09-28T17:00,29.4,51,1010.0,16.9,0.0
2026-09-28T18:00,27.6,68,1010.8,18.0,0.0
2026-09-28T19:00,27.2,72,1011.6,18.8,0.0
2026-09-28T20:00,27.2,74,1012.6,10.6,0.0
2026-09-28T21:00,26.7,77,1014.1,2.5,0.0
